Emotion,Suddenness,Goal_relevance,Conduciveness,Power
Anxiety,0.19998000199980004,1,0.0,0.0
Despair,0.8072192780721927,1,0.0,0.0
Irritation,0.19634034766697162,1,0.0,0.5316282225356117
Rage,0.8011702393167134,1,0.0,0.7740999504058562